{
  "softwareModel":{
    "simpleProcesses":[
      {
        "name":"inputting",
        "implementations":[
          {
            "name":"cpu_standard",
            "target":"cpu",
            "parameters":[],
            "resourceUsage":[],
            "computationMemory":"10",
            "duration":"100/mflops+1000/mips"
          },
          {
            "name":"fpga_standard",
            "target":"fpga",
            "parameters":[],
            "resourceUsage":[
              {
                "name":"kgate",
                "formula":"100"
              },
              {
                "name":"multiplier",
                "formula":"30"
              }
            ],
            "computationMemory":"100",
            "duration":"500/frequency"
          }
        ]
      },
      {
        "name":"decoding",
        "implementations":[
          {
            "name":"PI_cpu_supplier1",
            "target":"cpu",
            "parameters":[],
            "resourceUsage":[],
            "computationMemory":"100",
            "duration":"10/mflops+100000/mips"
          },
          {
            "name":"PI_cpu_supplier2",
            "target":"cpu",
            "parameters":[],
            "resourceUsage":[],
            "computationMemory":"10",
            "duration":"100/mflops+1000/mips"
          },
          {
            "name":"fpga_standard",
            "target":"fpga",
            "parameters":[],
            "resourceUsage":[
              {
                "name":"kgate",
                "formula":"100"
              },
              {
                "name":"multiplier",
                "formula":"20"
              }
            ],
            "computationMemory":"10",
            "duration":"1000/frequency"
          },
          {
            "name":"gpgpu_standard",
            "target":"gpgpu",
            "parameters":[],
            "resourceUsage":[
              {
                "name":"core",
                "formula":"100"
              }
            ],
            "computationMemory":"10",
            "duration":"10"
          }
        ]
      },
      {
        "name":"Transforming",
        "implementations":[
          {
            "name":"cpu_standard",
            "target":"cpu",
            "parameters":[],
            "resourceUsage":[],
            "computationMemory":"10",
            "duration":"110/mflops+1000/mips"
          },
          {
            "name":"gpgpu_standard",
            "target":"gpgpu",
            "parameters":[],
            "resourceUsage":[
              {
                "name":"core",
                "formula":"1"
              }
            ],
            "computationMemory":"10",
            "duration":"10"
          }
        ]
      },
      {
        "name":"Transforming2",
        "implementations":[
          {
            "name":"cpu_standard",
            "target":"cpu",
            "parameters":[],
            "resourceUsage":[],
            "computationMemory":"10",
            "duration":"110/mflops+1000/mips"
          },
          {
            "name":"gpgpu_standard",
            "target":"gpgpu",
            "parameters":[],
            "resourceUsage":[
              {
                "name":"core",
                "formula":"1"
              }
            ],
            "computationMemory":"10",
            "duration":"10"
          }
        ]
      },
      {
        "name":"watermarking",
        "implementations":[
          {
            "name":"cpu_standard",
            "target":"cpu",
            "parameters":[],
            "resourceUsage":[],
            "computationMemory":"0",
            "duration":"100/mflops+1000/mips"
          },
          {
            "name":"PI_fpga_supplier1",
            "target":"fpga",
            "parameters":[],
            "resourceUsage":[
              {
                "name":"kgate",
                "formula":"20"
              },
              {
                "name":"multiplier",
                "formula":"30"
              }
            ],
            "computationMemory":"10",
            "duration":"100/frequency"
          },
          {
            "name":"PI_fpga_supplier2",
            "target":"fpga",
            "parameters":[],
            "resourceUsage":[
              {
                "name":"kgate",
                "formula":"10"
              },
              {
                "name":"multiplier",
                "formula":"35"
              }
            ],
            "computationMemory":"10",
            "duration":"101/frequency"
          },
          {
            "name":"gpgpu_standard",
            "target":"gpgpu",
            "parameters":[],
            "resourceUsage":[
              {
                "name":"core",
                "formula":"100"
              }
            ],
            "computationMemory":"10",
            "duration":"10"
          }
        ]
      },
      {
        "name":"encoding",
        "implementations":[
          {
            "name":"cpu_standard",
            "target":"cpu",
            "parameters":[],
            "resourceUsage":[],
            "computationMemory":"10",
            "duration":"100+100/mflops+1000/mips"
          },
          {
            "name":"cpu_param",
            "target":"cpu",
            "parameters":[
              {
                "name":"toto",
                "values":[
                  0,
                  1,
                  2
                ]
              }
            ],
            "resourceUsage":[],
            "computationMemory":"5*(toto+1)",
            "duration":"100+100/mflops+1000/mips-10*toto"
          }
        ]
      }
    ],
    "transmissions":[
      {
        "name":"inputToDecode",
        "source":"inputting",
        "target":"decoding",
        "size":50,
        "timing":"Free"
      },
      {
        "name":"decodeToTransform",
        "source":"decoding",
        "target":"Transforming",
        "size":2,
        "timing":"Asap"
      },
      {
        "name":"transformToWatermark",
        "source":"Transforming",
        "target":"watermarking",
        "size":2,
        "timing":"Asap"
      },
      {
        "name":"decodeToTransform2",
        "source":"decoding",
        "target":"Transforming2",
        "size":2,
        "timing":"Asap"
      },
      {
        "name":"transform2ToWatermark",
        "source":"Transforming2",
        "target":"watermarking",
        "size":2,
        "timing":"Asap"
      },
      {
        "name":"watermarkToEncode",
        "source":"watermarking",
        "target":"encoding",
        "size":20,
        "timing":"Asap"
      },
      {
        "name":"side_comm",
        "source":"inputting",
        "target":"encoding",
        "size":5,
        "timing":"Free"
      }
    ],
    "softwareClass":{
      "oneShotSoftware":{
        "maxDelay":20000
      }
    }
  },
  "hardwareModel":{
    "powerCap":700,
    "energyCap":500000,
    "classes":[
      {
        "monoTaskSwitchingTask":{
          "name":"cpu",
          "resources":[],
          "properties":[
            "mflops",
            "mips"
          ],
          "switchingDelay":1
        }
      },
      {
        "monoTaskSwitchingTask":{
          "name":"gpgpu",
          "resources":[
            "core"
          ],
          "properties":[],
          "switchingDelay":1
        }
      },
      {
        "multiTaskPermanentTasks":{
          "name":"fpga",
          "resources":[
            "kgate",
            "multiplier"
          ],
          "properties":[
            "frequency"
          ]
        }
      }
    ],
    "processors":[
      {
        "processorClass":"cpu",
        "name":"procA",
        "memSize":100,
        "resources":[],
        "properties":[
          {
            "name":"mflops",
            "value":10
          },
          {
            "name":"mips",
            "value":1000
          }
        ],
        "powerModel":"buzy*mflops*30+5"
      },
      {
        "processorClass":"gpgpu",
        "name":"GPGPU1",
        "memSize":200,
        "resources":[
          {
            "name":"core",
            "value":110
          }
        ],
        "properties":[],
        "powerModel":"core*5+10"
      },
      {
        "processorClass":"cpu",
        "name":"procB",
        "memSize":100,
        "resources":[],
        "properties":[
          {
            "name":"mflops",
            "value":6
          },
          {
            "name":"mips",
            "value":100
          }
        ],
        "powerModel":"buzy*mflops*20+1"
      },
      {
        "processorClass":"fpga",
        "name":"FPGA1",
        "memSize":100,
        "resources":[
          {
            "name":"kgate",
            "value":110
          },
          {
            "name":"multiplier",
            "value":500
          }
        ],
        "properties":[
          {
            "name":"frequency",
            "value":100
          }
        ],
        "powerModel":"frequency*frequency*(kgate+multiplier*20)/1000+2"
      }
    ],
    "busses":[
      {
        "halfDuplexBus":{
          "name":"globalBus",
          "relatedProcessors":[
            "procA",
            "GPGPU1",
            "procB",
            "FPGA1"
          ],
          "timeUnitPerBit":3,
          "latency":1
        }
      },
      {
        "halfDuplexBus":{
          "name":"busAtoGPGPU",
          "relatedProcessors":[
            "procA",
            "GPGPU1"
          ],
          "timeUnitPerBit":1,
          "latency":1
        }
      },
      {
        "halfDuplexBus":{
          "name":"busBToGPGPU",
          "relatedProcessors":[
            "GPGPU1",
            "procB"
          ],
          "timeUnitPerBit":2,
          "latency":1
        }
      },
      {
        "halfDuplexBus":{
          "name":"busAToFPGA",
          "relatedProcessors":[
            "procA",
            "FPGA1"
          ],
          "timeUnitPerBit":1,
          "latency":3
        }
      },
      {
        "halfDuplexBus":{
          "name":"globalBus2",
          "relatedProcessors":[
            "procA",
            "GPGPU1",
            "procB",
            "FPGA1"
          ],
          "timeUnitPerBit":4,
          "latency":1
        }
      }
    ]
  },
  "goal":"ParetoMakeSpanEnergy"
}