{
  "mappings":[
    {
      "makeSpan":268,
      "energy":38044,
      "taskMapping":[
        {
          "task":"inputting",
          "processingElement":"procA",
          "implementation":"cpu_standard",
          "parameters":[],
          "start":0,
          "duration":11,
          "end":11
        },
        {
          "task":"decoding",
          "processingElement":"GPGPU1",
          "implementation":"gpgpu_standard",
          "parameters":[],
          "start":64,
          "duration":10,
          "end":74
        },
        {
          "task":"Transforming",
          "processingElement":"procA",
          "implementation":"cpu_standard",
          "parameters":[],
          "start":79,
          "duration":12,
          "end":91
        },
        {
          "task":"Transforming2",
          "processingElement":"procA",
          "implementation":"cpu_standard",
          "parameters":[],
          "start":92,
          "duration":12,
          "end":104
        },
        {
          "task":"watermarking",
          "processingElement":"GPGPU1",
          "implementation":"gpgpu_standard",
          "parameters":[],
          "start":109,
          "duration":10,
          "end":119
        },
        {
          "task":"encoding",
          "processingElement":"procB",
          "implementation":"cpu_param",
          "parameters":[
            {
              "name":"toto",
              "value":2
            }
          ],
          "start":162,
          "duration":106,
          "end":268
        }
      ],
      "transmissionMapping":[
        {
          "transmission":"inputToDecode",
          "bus":"busAtoGPGPU",
          "start":12,
          "duration":51,
          "end":63
        },
        {
          "transmission":"decodeToTransform",
          "bus":"busAtoGPGPU",
          "start":75,
          "duration":3,
          "end":78
        },
        {
          "transmission":"transformToWatermark",
          "bus":"globalBus",
          "start":92,
          "duration":7,
          "end":99
        },
        {
          "transmission":"decodeToTransform2",
          "bus":"globalBus",
          "start":75,
          "duration":7,
          "end":82
        },
        {
          "transmission":"transform2ToWatermark",
          "bus":"busAtoGPGPU",
          "start":105,
          "duration":3,
          "end":108
        },
        {
          "transmission":"watermarkToEncode",
          "bus":"busBToGPGPU",
          "start":120,
          "duration":41,
          "end":161
        },
        {
          "transmission":"side_comm",
          "bus":"globalBus",
          "start":12,
          "duration":16,
          "end":28
        }
      ]
    },
    {
      "makeSpan":275,
      "energy":37930,
      "taskMapping":[
        {
          "task":"inputting",
          "processingElement":"procA",
          "implementation":"cpu_standard",
          "parameters":[],
          "start":0,
          "duration":11,
          "end":11
        },
        {
          "task":"decoding",
          "processingElement":"GPGPU1",
          "implementation":"gpgpu_standard",
          "parameters":[],
          "start":64,
          "duration":10,
          "end":74
        },
        {
          "task":"Transforming",
          "processingElement":"procA",
          "implementation":"cpu_standard",
          "parameters":[],
          "start":79,
          "duration":12,
          "end":91
        },
        {
          "task":"Transforming2",
          "processingElement":"procB",
          "implementation":"cpu_standard",
          "parameters":[],
          "start":81,
          "duration":28,
          "end":109
        },
        {
          "task":"watermarking",
          "processingElement":"GPGPU1",
          "implementation":"gpgpu_standard",
          "parameters":[],
          "start":116,
          "duration":10,
          "end":126
        },
        {
          "task":"encoding",
          "processingElement":"procB",
          "implementation":"cpu_param",
          "parameters":[
            {
              "name":"toto",
              "value":2
            }
          ],
          "start":169,
          "duration":106,
          "end":275
        }
      ],
      "transmissionMapping":[
        {
          "transmission":"inputToDecode",
          "bus":"busAtoGPGPU",
          "start":12,
          "duration":51,
          "end":63
        },
        {
          "transmission":"decodeToTransform",
          "bus":"busAtoGPGPU",
          "start":75,
          "duration":3,
          "end":78
        },
        {
          "transmission":"transformToWatermark",
          "bus":"busAtoGPGPU",
          "start":92,
          "duration":3,
          "end":95
        },
        {
          "transmission":"decodeToTransform2",
          "bus":"busBToGPGPU",
          "start":75,
          "duration":5,
          "end":80
        },
        {
          "transmission":"transform2ToWatermark",
          "bus":"busBToGPGPU",
          "start":110,
          "duration":5,
          "end":115
        },
        {
          "transmission":"watermarkToEncode",
          "bus":"busBToGPGPU",
          "start":127,
          "duration":41,
          "end":168
        },
        {
          "transmission":"side_comm",
          "bus":"globalBus",
          "start":12,
          "duration":16,
          "end":28
        }
      ]
    },
    {
      "makeSpan":403,
      "energy":29794,
      "taskMapping":[
        {
          "task":"inputting",
          "processingElement":"procA",
          "implementation":"cpu_standard",
          "parameters":[],
          "start":0,
          "duration":11,
          "end":11
        },
        {
          "task":"decoding",
          "processingElement":"procB",
          "implementation":"PI_cpu_supplier2",
          "parameters":[],
          "start":164,
          "duration":26,
          "end":190
        },
        {
          "task":"Transforming",
          "processingElement":"GPGPU1",
          "implementation":"gpgpu_standard",
          "parameters":[],
          "start":197,
          "duration":10,
          "end":207
        },
        {
          "task":"Transforming2",
          "processingElement":"GPGPU1",
          "implementation":"gpgpu_standard",
          "parameters":[],
          "start":208,
          "duration":10,
          "end":218
        },
        {
          "task":"watermarking",
          "processingElement":"procA",
          "implementation":"cpu_standard",
          "parameters":[],
          "start":223,
          "duration":11,
          "end":234
        },
        {
          "task":"encoding",
          "processingElement":"procB",
          "implementation":"cpu_param",
          "parameters":[
            {
              "name":"toto",
              "value":2
            }
          ],
          "start":297,
          "duration":106,
          "end":403
        }
      ],
      "transmissionMapping":[
        {
          "transmission":"inputToDecode",
          "bus":"globalBus",
          "start":12,
          "duration":151,
          "end":163
        },
        {
          "transmission":"decodeToTransform",
          "bus":"busBToGPGPU",
          "start":191,
          "duration":5,
          "end":196
        },
        {
          "transmission":"transformToWatermark",
          "bus":"globalBus",
          "start":208,
          "duration":7,
          "end":215
        },
        {
          "transmission":"decodeToTransform2",
          "bus":"globalBus",
          "start":191,
          "duration":7,
          "end":198
        },
        {
          "transmission":"transform2ToWatermark",
          "bus":"busAtoGPGPU",
          "start":219,
          "duration":3,
          "end":222
        },
        {
          "transmission":"watermarkToEncode",
          "bus":"globalBus",
          "start":235,
          "duration":61,
          "end":296
        },
        {
          "transmission":"side_comm",
          "bus":"globalBus",
          "start":163,
          "duration":16,
          "end":179
        }
      ]
    }
  ]
}